{"9926285320a000b7f071557182a316cc":{"statistic":{"failed":0,"broken":0,"skipped":0,"passed":1,"unknown":0,"total":1},"items":[{"uid":"79e06e6a8ea807d","status":"passed","time":{"start":1729320767375,"stop":1729320772889,"duration":5514}}]},"99dfa0d8cb6288c563b88b5caeb04ace":{"statistic":{"failed":0,"broken":1,"skipped":0,"passed":0,"unknown":0,"total":1},"items":[{"uid":"89ea958e1c0baa5e","status":"broken","statusDetails":"The plugin specification 'io.qameta.allure.cucumber7jvm.AllureCucumber7Jvm' has a problem:\n\nCould not load plugin class 'io.qameta.allure.cucumber7jvm.AllureCucumber7Jvm'.\n\nPlugin specifications should have the format of PLUGIN[:[PATH|[URI [OPTIONS]]]\n\nValid values for PLUGIN are: default_summary, html, json, junit, message, null_summary, pretty, progress, rerun, summary, teamcity, testng, timeline, unused, usage\n\nPLUGIN can also be a fully qualified class name, allowing registration of 3rd party plugins. The 3rd party plugin must implement io.cucumber.plugin.Plugin","time":{"start":1729321502396,"stop":1729321502398,"duration":2}}]},"2f064eb70dc429d1557307bd33340334":{"statistic":{"failed":0,"broken":0,"skipped":0,"passed":1,"unknown":0,"total":1},"items":[{"uid":"801c4402878846d8","status":"passed","time":{"start":1729321548035,"stop":1729321550977,"duration":2942}}]}}