{"uid":"b1a8273437954620fa374b796ffaacdd","name":"behaviors","children":[{"name":"Runs Cucumber Scenarios","uid":"79e06e6a8ea807d","parentUid":"b1a8273437954620fa374b796ffaacdd","status":"passed","time":{"start":1729320767375,"stop":1729320772889,"duration":5514},"flaky":false,"newFailed":false,"newPassed":false,"newBroken":false,"retriesCount":0,"retriesStatusChange":false,"parameters":["\"Validate the incident record creation with request body as class object\"","\"Create new incident record feature\""],"tags":[]},{"name":"setUpClass","uid":"89ea958e1c0baa5e","parentUid":"b1a8273437954620fa374b796ffaacdd","status":"broken","time":{"start":1729321502396,"stop":1729321502398,"duration":2},"flaky":false,"newFailed":false,"newPassed":false,"newBroken":false,"retriesCount":0,"retriesStatusChange":false,"parameters":[],"tags":[]},{"name":"Create new incident record feature","children":[{"name":"Validate the incident record creation with request body as class object","children":[{"name":"Validate the incident record creation with request body as class object","uid":"801c4402878846d8","parentUid":"d39b98004aea37682fbf20b29fa0f362","status":"passed","time":{"start":1729321548035,"stop":1729321550977,"duration":2942},"flaky":false,"newFailed":false,"newPassed":false,"newBroken":false,"retriesCount":0,"retriesStatusChange":false,"parameters":["Rest API Post call","RESTAPISEP2024"],"tags":[]}],"uid":"d39b98004aea37682fbf20b29fa0f362"}],"uid":"7252b1cdfa3f7e0c9cb4f67c69225f7d"}]}