{"uid":"4b4757e66a1912dae1a509f688f20b0f","name":"categories","children":[{"name":"Test defects","children":[{"name":"The plugin specification 'io.qameta.allure.cucumber7jvm.AllureCucumber7Jvm' has a problem:\n\nCould not load plugin class 'io.qameta.allure.cucumber7jvm.AllureCucumber7Jvm'.\n\nPlugin specifications should have the format of PLUGIN[:[PATH|[URI [OPTIONS]]]\n\nValid values for PLUGIN are: default_summary, html, json, junit, message, null_summary, pretty, progress, rerun, summary, teamcity, testng, timeline, unused, usage\n\nPLUGIN can also be a fully qualified class name, allowing registration of 3rd party plugins. The 3rd party plugin must implement io.cucumber.plugin.Plugin","children":[{"name":"setUpClass","uid":"89ea958e1c0baa5e","parentUid":"23298b3afe92214d49f3c3f2a40e82d8","status":"broken","time":{"start":1729321502396,"stop":1729321502398,"duration":2},"flaky":false,"newFailed":false,"newPassed":false,"newBroken":false,"retriesCount":0,"retriesStatusChange":false,"parameters":[],"tags":[]}],"uid":"23298b3afe92214d49f3c3f2a40e82d8"}],"uid":"bdbf199525818fae7a8651db9eafe741"}]}