{"uid":"83edc06c07f9ae9e47eb6dd1b683e4e2","name":"packages","children":[{"name":"week4.day2.runners.IncidentTestRunner","children":[{"name":"runScenario","uid":"79e06e6a8ea807d","parentUid":"bfa84a6675439a93e2f39a86d8ac80a6","status":"passed","time":{"start":1729320767375,"stop":1729320772889,"duration":5514},"flaky":false,"newFailed":false,"newPassed":false,"newBroken":false,"retriesCount":0,"retriesStatusChange":false,"parameters":["\"Validate the incident record creation with request body as class object\"","\"Create new incident record feature\""],"tags":[]},{"name":"setUpClass","uid":"89ea958e1c0baa5e","parentUid":"bfa84a6675439a93e2f39a86d8ac80a6","status":"broken","time":{"start":1729321502396,"stop":1729321502398,"duration":2},"flaky":false,"newFailed":false,"newPassed":false,"newBroken":false,"retriesCount":0,"retriesStatusChange":false,"parameters":[],"tags":[]}],"uid":"week4.day2.runners.IncidentTestRunner"},{"name":"src.main.java.week4.day2.features.incident_feature.Create new incident record feature","children":[{"name":"Validate the incident record creation with request body as class object","uid":"801c4402878846d8","parentUid":"6266752154ac5fdbba0248f4573ca801","status":"passed","time":{"start":1729321548035,"stop":1729321550977,"duration":2942},"flaky":false,"newFailed":false,"newPassed":false,"newBroken":false,"retriesCount":0,"retriesStatusChange":false,"parameters":["Rest API Post call","RESTAPISEP2024"],"tags":[]}],"uid":"src.main.java.week4.day2.features.incident_feature.Create new incident record feature"}]}