{"uid":"98d3104e051c652961429bf95fa0b5d6","name":"suites","children":[{"name":"Default suite","children":[{"name":"Default test","children":[{"name":"week4.day2.runners.IncidentTestRunner","children":[{"name":"Runs Cucumber Scenarios","uid":"79e06e6a8ea807d","parentUid":"8dc8d384ccb073b9f6ad1b06ab78a81f","status":"passed","time":{"start":1729320767375,"stop":1729320772889,"duration":5514},"flaky":false,"newFailed":false,"newPassed":false,"newBroken":false,"retriesCount":0,"retriesStatusChange":false,"parameters":["\"Validate the incident record creation with request body as class object\"","\"Create new incident record feature\""],"tags":[]},{"name":"setUpClass","uid":"89ea958e1c0baa5e","parentUid":"8dc8d384ccb073b9f6ad1b06ab78a81f","status":"broken","time":{"start":1729321502396,"stop":1729321502398,"duration":2},"flaky":false,"newFailed":false,"newPassed":false,"newBroken":false,"retriesCount":0,"retriesStatusChange":false,"parameters":[],"tags":[]}],"uid":"8dc8d384ccb073b9f6ad1b06ab78a81f"}],"uid":"848117670d75f6868e681771989ad50e"}],"uid":"2c8837b97293ea01a164a5cd7048ad56"},{"name":"Create new incident record feature","children":[{"name":"Validate the incident record creation with request body as class object","uid":"801c4402878846d8","parentUid":"90f1065f45d345e16efc79a40647a30d","status":"passed","time":{"start":1729321548035,"stop":1729321550977,"duration":2942},"flaky":false,"newFailed":false,"newPassed":false,"newBroken":false,"retriesCount":0,"retriesStatusChange":false,"parameters":["Rest API Post call","RESTAPISEP2024"],"tags":[]}],"uid":"90f1065f45d345e16efc79a40647a30d"}]}