{"uid":"ab17fc5a4eb3bca4b216b548c7f9fcbc","name":"timeline","children":[{"name":"EPHUBUDW00DE","children":[{"name":"11932@EPHUBUDW00DE.main(1)","children":[{"name":"Validate the incident record creation with request body as class object","uid":"801c4402878846d8","parentUid":"5616ac209cdcaf1544fa5c3985fba877","status":"passed","time":{"start":1729321548035,"stop":1729321550977,"duration":2942},"flaky":false,"newFailed":false,"newPassed":false,"newBroken":false,"retriesCount":0,"retriesStatusChange":false,"parameters":["Rest API Post call","RESTAPISEP2024"],"tags":[]}],"uid":"5616ac209cdcaf1544fa5c3985fba877"},{"name":"23036@EPHUBUDW00DE.main(1)","children":[{"name":"Runs Cucumber Scenarios","uid":"79e06e6a8ea807d","parentUid":"8bd848e47097ad6c72b3470e6f5d58db","status":"passed","time":{"start":1729320767375,"stop":1729320772889,"duration":5514},"flaky":false,"newFailed":false,"newPassed":false,"newBroken":false,"retriesCount":0,"retriesStatusChange":false,"parameters":["\"Validate the incident record creation with request body as class object\"","\"Create new incident record feature\""],"tags":[]}],"uid":"8bd848e47097ad6c72b3470e6f5d58db"},{"name":"28056@EPHUBUDW00DE.main(1)","children":[{"name":"setUpClass","uid":"89ea958e1c0baa5e","parentUid":"3b866ac9e9eb0f5f150c37bb73da9c6c","status":"broken","time":{"start":1729321502396,"stop":1729321502398,"duration":2},"flaky":false,"newFailed":false,"newPassed":false,"newBroken":false,"retriesCount":0,"retriesStatusChange":false,"parameters":[],"tags":[]}],"uid":"3b866ac9e9eb0f5f150c37bb73da9c6c"}],"uid":"9f286fb82683b92e1030d6a559cc8d83"}]}