[{"uid":"89ea958e1c0baa5e","name":"setUpClass","time":{"start":1729321502396,"stop":1729321502398,"duration":2},"status":"broken","severity":"normal"},{"uid":"801c4402878846d8","name":"Validate the incident record creation with request body as class object","time":{"start":1729321548035,"stop":1729321550977,"duration":2942},"status":"passed","severity":"normal"},{"uid":"79e06e6a8ea807d","name":"Runs Cucumber Scenarios","time":{"start":1729320767375,"stop":1729320772889,"duration":5514},"status":"passed","severity":"normal"}]